{
    "usgsFlow": [
        17.0,
        347.20000000000005,
        158.9082191780822,
        271.326046976809
    ],
    "dayl": [
        33523.19921875,
        52876.80078125,
        43200.0,
        7088.323033522473
    ],
    "prcp": [
        0.0,
        11.239926380062933,
        3.3392593612189407,
        6.610125307159011
    ],
    "srad": [
        180.5106744061651,
        470.05231826298564,
        322.7733985631161,
        107.00986493590565
    ],
    "swe": [
        0.0,
        17.22248890104834,
        4.2127629809737375,
        7.955497354642915
    ],
    "tmax": [
        -1.2281907154315848,
        29.559719199631914,
        15.875747072178239,
        11.468908177024323
    ],
    "tmin": [
        -10.046720057702114,
        18.055998408217587,
        3.9741217812358776,
        10.465508377442774
    ],
    "vp": [
        280.0,
        2079.0378670115533,
        1008.0558636586569,
        665.8795301369231
    ],
    "ELEV_MEAN_M_BASIN": [
        304.8,
        304.8,
        304.8,
        1
    ],
    "SLOPE_PCT": [
        1.2,
        1.2,
        1.2,
        1
    ],
    "DRAIN_SQKM": [
        345.9,
        345.9,
        345.9,
        1
    ],
    "FORESTNLCD06": [
        18.38,
        18.38,
        18.38,
        1
    ],
    "BARRENNLCD06": [
        0.01,
        0.01,
        0.01,
        1
    ],
    "DECIDNLCD06": [
        18.26,
        18.26,
        18.26,
        1
    ],
    "EVERGRNLCD06": [
        0.12,
        0.12,
        0.12,
        1
    ],
    "MIXEDFORNLCD06": [
        0.0,
        0.0,
        0.0,
        1
    ],
    "SHRUBNLCD06": [
        0.52,
        0.52,
        0.52,
        1
    ],
    "GRASSNLCD06": [
        0.82,
        0.82,
        0.82,
        1
    ],
    "WOODYWETNLCD06": [
        0.38,
        0.38,
        0.38,
        1
    ],
    "EMERGWETNLCD06": [
        0.02,
        0.02,
        0.02,
        1
    ],
    "ROCKDEPAVE": [
        59.46,
        59.46,
        59.46,
        1
    ],
    "AWCAVE": [
        0.15,
        0.15,
        0.15,
        1
    ],
    "PERMAVE": [
        0.98,
        0.98,
        0.98,
        1
    ],
    "RFACT": [
        124.7,
        124.7,
        124.7,
        1
    ],
    "GEOL_REEDBUSH_DOM": [
        0.0,
        0.0,
        0.0,
        1
    ],
    "GEOL_REEDBUSH_DOM_PCT": [
        100.0,
        100.0,
        100.0,
        1
    ],
    "GEOL_REEDBUSH_SITE": [
        0.0,
        0.0,
        0.0,
        1
    ],
    "STREAMS_KM_SQ_KM": [
        1.09,
        1.09,
        1.09,
        1
    ],
    "STRAHLER_MAX": [
        4.0,
        4.0,
        4.0,
        1
    ],
    "MAINSTEM_SINUOUSITY": [
        2.16,
        2.16,
        2.16,
        1
    ],
    "REACHCODE": [
        5040006000195.0,
        5040006000195.0,
        5040006000195.0,
        1
    ],
    "ARTIFPATH_PCT": [
        5.35,
        5.35,
        5.35,
        1
    ],
    "ARTIFPATH_MAINSTEM_PCT": [
        0.0,
        0.0,
        0.0,
        1
    ],
    "HIRES_LENTIC_PCT": [
        3.51,
        3.51,
        3.51,
        1
    ],
    "BFI_AVE": [
        30.2,
        30.2,
        30.2,
        1
    ],
    "PERDUN": [
        2.8,
        2.8,
        2.8,
        1
    ],
    "PERHOR": [
        8.3,
        8.3,
        8.3,
        1
    ],
    "TOPWET": [
        13.77,
        13.77,
        13.77,
        1
    ],
    "CONTACT": [
        3736.3,
        3736.3,
        3736.3,
        1
    ],
    "NDAMS_2009": [
        6.0,
        6.0,
        6.0,
        1
    ],
    "DDENS_2009": [
        1.73,
        1.73,
        1.73,
        1
    ],
    "STOR_NID_2009": [
        72.52,
        72.52,
        72.52,
        1
    ],
    "STOR_NOR_2009": [
        50.59,
        50.59,
        50.59,
        1
    ],
    "MAJ_NDAMS_2009": [
        1.0,
        1.0,
        1.0,
        1
    ],
    "MAJ_DDENS_2009": [
        0.29,
        0.29,
        0.29,
        1
    ],
    "RAW_DIS_NEAREST_DAM": [
        6.9,
        6.9,
        6.9,
        1
    ],
    "RAW_AVG_DIS_ALLDAMS": [
        14.8,
        14.8,
        14.8,
        1
    ],
    "RAW_DIS_NEAREST_MAJ_DAM": [
        6.9,
        6.9,
        6.9,
        1
    ],
    "RAW_AVG_DIS_ALL_MAJ_DAMS": [
        6.9,
        6.9,
        6.9,
        1
    ]
}