{
    "usgsFlow": [
        19.0,
        1313.0000000000018,
        488.8473837209302,
        1011.8570770253378
    ],
    "dayl": [
        33523.19921875,
        52876.80078125,
        43200.12792523235,
        7158.514266681275
    ],
    "prcp": [
        0.0,
        11.205512957003707,
        3.2081822315284163,
        6.534525551915178
    ],
    "srad": [
        173.09579955534474,
        468.56144196217394,
        320.41569274640585,
        109.46130122211622
    ],
    "swe": [
        0.0,
        21.133555926544236,
        5.70345821741803,
        12.750716844766696
    ],
    "tmax": [
        -1.359946535868761,
        29.336046460732806,
        15.291523331284251,
        11.542935166623694
    ],
    "tmin": [
        -10.020928971788905,
        17.71101765386402,
        4.062280429469394,
        10.334196359292688
    ],
    "vp": [
        280.0,
        2032.7640490204599,
        1008.0305816659385,
        651.1701293826462
    ],
    "ELEV_MEAN_M_BASIN": [
        296.73,
        321.11,
        307.775,
        10.933635031406531
    ],
    "SLOPE_PCT": [
        0.47000000000000003,
        5.63,
        1.9125,
        2.1722324346165167
    ],
    "DRAIN_SQKM": [
        310.79999999999995,
        1793.3799999999999,
        960.2,
        733.4597995118751
    ],
    "FORESTNLCD06": [
        7.144,
        38.842,
        18.815,
        12.448314142886979
    ],
    "BARRENNLCD06": [
        0.01,
        0.136,
        0.061250000000000006,
        0.05441449714919729
    ],
    "DECIDNLCD06": [
        7.093,
        37.091,
        18.24875,
        11.773268914685504
    ],
    "EVERGRNLCD06": [
        0.048,
        1.71,
        0.49624999999999997,
        0.7135814161677698
    ],
    "MIXEDFORNLCD06": [
        0.0,
        0.21099999999999997,
        0.0675,
        0.11166355717063647
    ],
    "SHRUBNLCD06": [
        0.0,
        0.2819999999999999,
        0.14,
        0.16023420358962065
    ],
    "GRASSNLCD06": [
        0.30900000000000005,
        1.092,
        0.7075,
        0.29252136674096135
    ],
    "WOODYWETNLCD06": [
        0.014000000000000002,
        0.366,
        0.1725,
        0.15998046755776155
    ],
    "EMERGWETNLCD06": [
        0.0,
        0.286,
        0.10500000000000001,
        0.13133925536563698
    ],
    "ROCKDEPAVE": [
        53.599000000000004,
        59.992999999999995,
        58.045,
        2.661348342476045
    ],
    "AWCAVE": [
        0.137,
        0.15,
        0.14375000000000002,
        0.006959705453537521
    ],
    "PERMAVE": [
        0.609,
        1.908,
        1.0,
        0.5438749856354859
    ],
    "RFACT": [
        121.81199999999998,
        125.96199999999999,
        124.05250000000001,
        1.611294122747304
    ],
    "GEOL_REEDBUSH_DOM": [
        0.0,
        0.0,
        0.0,
        1
    ],
    "GEOL_REEDBUSH_DOM_PCT": [
        100.0,
        100.0,
        100.0,
        1
    ],
    "GEOL_REEDBUSH_SITE": [
        0.0,
        0.0,
        0.0,
        1
    ],
    "STREAMS_KM_SQ_KM": [
        0.791,
        0.9500000000000001,
        0.8587499999999999,
        0.09333240326917552
    ],
    "STRAHLER_MAX": [
        3.7,
        5.0,
        4.5,
        0.7071067811865476
    ],
    "MAINSTEM_SINUOUSITY": [
        1.565,
        2.238,
        1.8499999999999999,
        0.32062439083762795
    ],
    "REACHCODE": [
        5030204000321.699,
        5060001001723.7,
        5050052375694.375,
        13151622500.416765
    ],
    "ARTIFPATH_PCT": [
        0.33799999999999997,
        3.781999999999999,
        1.61125,
        1.6544745200516084
    ],
    "ARTIFPATH_MAINSTEM_PCT": [
        0.0,
        10.638,
        2.92125,
        4.726112137634908
    ],
    "HIRES_LENTIC_PCT": [
        0.164,
        1.6269999999999993,
        0.75875,
        1.0702971258019895
    ],
    "BFI_AVE": [
        23.360000000000003,
        32.269999999999996,
        27.5125,
        3.570867366621168
    ],
    "PERDUN": [
        1.97,
        2.66,
        2.3374999999999995,
        0.31598061649411346
    ],
    "PERHOR": [
        5.06,
        10.91,
        8.55,
        2.471335671251479
    ],
    "TOPWET": [
        12.703,
        14.687999999999999,
        13.78125,
        0.7562479338814753
    ],
    "CONTACT": [
        334.48,
        6814.120000000001,
        3465.9375,
        2447.7636864786905
    ],
    "NDAMS_2009": [
        4.0,
        29.999999999999993,
        14.625,
        19.403205276448528
    ],
    "DDENS_2009": [
        0.515,
        3.4659999999999997,
        1.7174999999999998,
        1.5575842673833094
    ],
    "STOR_NID_2009": [
        2.0500000000000003,
        102.20799999999997,
        42.15125,
        54.87409690316096
    ],
    "STOR_NOR_2009": [
        1.113,
        31.129999999999995,
        12.847500000000002,
        15.80802387238835
    ],
    "MAJ_NDAMS_2009": [
        0.0,
        4.099999999999999,
        1.875,
        2.8034576865007255
    ],
    "MAJ_DDENS_2009": [
        0.0,
        0.786,
        0.26875,
        0.3292581623893324
    ],
    "RAW_DIS_NEAREST_DAM": [
        0.78,
        19.09,
        9.462499999999999,
        7.737883673847779
    ],
    "RAW_AVG_DIS_ALLDAMS": [
        13.450000000000001,
        35.56,
        25.15,
        9.277796074499589
    ],
    "RAW_DIS_NEAREST_MAJ_DAM": [
        -999.0,
        7.83,
        -371.6875,
        485.92216567445246
    ],
    "RAW_AVG_DIS_ALL_MAJ_DAMS": [
        -999.0,
        20.2,
        -367.3375,
        489.3251984557407
    ]
}